first_name,last_name,email,gender,ip_address
Rowland,Aldins,raldins0@google.com,Female,46.148.249.225
Zaria,Brugh,zbrugh1@goo.gl,Bigender,235.106.185.201
Gamaliel,Burgoine,gburgoine2@bigcartel.com,Non-binary,76.214.44.117
Godfree,Chattelaine,gchattelaine3@about.com,Polygender,73.139.226.59
Karlis,Le Clercq,kleclercq4@topsy.com,Female,58.114.31.41
Ximenes,Sumbler,xsumbler5@i2i.jp,Male,238.161.80.177
Christopher,Levet,clevet6@nasa.gov,Agender,81.233.189.83
Alberta,Braitling,abraitling7@fastcompany.com,Male,57.103.157.231
Fawne,Furlow,ffurlow8@bizjournals.com,Genderqueer,114.188.196.205
Curtis,Letten,cletten9@disqus.com,Agender,242.171.173.90
Conney,Thoumasson,cthoumassona@jugem.jp,Genderqueer,57.152.99.96
Karin,Ardron,kardronb@github.com,Bigender,38.202.89.148
Randa,Chapellow,rchapellowc@apache.org,Bigender,54.56.121.1
Kordula,Outright,koutrightd@whitehouse.gov,Agender,65.140.212.182
Moira,Lofts,mloftse@flickr.com,Genderfluid,190.185.96.47
Tamma,Denziloe,tdenziloef@sohu.com,Polygender,238.171.107.188
Judie,Crann,jcranng@skyrock.com,Polygender,228.78.192.44
Genna,Slimings,gslimingsh@columbia.edu,Male,146.169.85.59
Shay,Hustler,shustleri@seesaa.net,Genderfluid,138.187.174.148
Franciskus,Wellwood,fwellwoodj@jiathis.com,Male,155.102.109.252
Eugenio,Ferrieres,eferrieresk@macromedia.com,Genderfluid,248.197.134.228
Elmo,Fealty,efealtyl@howstuffworks.com,Genderqueer,14.47.55.32
Juliana,Overpool,joverpoolm@sohu.com,Genderfluid,196.244.223.228
Vince,Catherine,vcatherinen@fda.gov,Agender,18.10.160.197
Glennis,Tolman,gtolmano@un.org,Female,8.160.3.56
Claire,Liggons,cliggonsp@mlb.com,Non-binary,13.21.62.0
Cherianne,Care,ccareq@studiopress.com,Non-binary,81.190.224.200
Jandy,Penley,jpenleyr@etsy.com,Non-binary,50.238.86.2
Kale,Fancy,kfancys@theglobeandmail.com,Genderqueer,111.136.226.56
Dorri,MacKissack,dmackissackt@shutterfly.com,Female,231.40.165.24
Jannel,Cadding,jcaddingu@illinois.edu,Genderqueer,137.10.213.123
Leonore,Larwood,llarwoodv@addthis.com,Male,7.65.158.158
Jillane,McMillian,jmcmillianw@chicagotribune.com,Polygender,155.67.103.27
Morgen,Dollard,mdollardx@virginia.edu,Non-binary,102.6.191.14
Joni,Jesty,jjestyy@amazon.de,Genderfluid,64.199.65.101
Broderick,Baxandall,bbaxandallz@canalblog.com,Agender,132.122.215.51
Harrison,Bascombe,hbascombe10@shareasale.com,Genderqueer,36.141.37.182
Moria,Shilburne,mshilburne11@friendfeed.com,Bigender,16.40.88.193
Gerick,Rentilll,grentilll12@accuweather.com,Genderqueer,89.180.95.18
Hanni,Brixey,hbrixey13@weather.com,Non-binary,200.149.143.5
Burlie,O' Timony,botimony14@mediafire.com,Non-binary,209.152.78.3
Zebadiah,Ransfield,zransfield15@slideshare.net,Polygender,225.49.239.225
Avrom,Cowdrey,acowdrey16@purevolume.com,Agender,21.102.63.175
Sandye,Luberto,sluberto17@stumbleupon.com,Polygender,118.11.139.158
Wynnie,Verni,wverni18@qq.com,Agender,75.30.60.113
Mikol,Lambertz,mlambertz19@dedecms.com,Genderfluid,129.162.87.69
Shoshanna,Dinnies,sdinnies1a@si.edu,Female,150.217.238.12
Cristiano,Adrain,cadrain1b@ycombinator.com,Genderfluid,211.198.201.101
Sullivan,Shawcroft,sshawcroft1c@squarespace.com,Polygender,157.153.164.84
Alica,Childerhouse,achilderhouse1d@sbwire.com,Agender,160.253.21.26
Galen,Lathom,glathom1e@loc.gov,Genderqueer,176.149.142.93
Nesta,Seymour,nseymour1f@ezinearticles.com,Genderqueer,92.154.211.99
Krispin,Bednell,kbednell1g@statcounter.com,Female,147.13.65.187
Godfry,Orfeur,gorfeur1h@gravatar.com,Non-binary,244.163.104.126
Neilla,Olford,nolford1i@tiny.cc,Bigender,173.247.61.245
Antonella,Kernocke,akernocke1j@alexa.com,Polygender,233.13.252.176
Poppy,Fransemai,pfransemai1k@godaddy.com,Male,236.170.218.67
Gerrie,Habbert,ghabbert1l@lycos.com,Male,99.69.176.1
Reagen,Jacmar,rjacmar1m@hugedomains.com,Polygender,13.240.235.18
Krissie,Borles,kborles1n@so-net.ne.jp,Non-binary,46.74.12.212
Ollie,Flatman,oflatman1o@tripod.com,Agender,158.242.122.241
Kile,Lettuce,klettuce1p@bizjournals.com,Female,120.140.144.181
Robinett,Sweetlove,rsweetlove1q@ucoz.com,Genderfluid,220.23.224.114
Di,O'Neary,doneary1r@nationalgeographic.com,Non-binary,38.16.108.253
Ernest,Fourcade,efourcade1s@instagram.com,Male,143.51.99.75
Juieta,Inglish,jinglish1t@blogger.com,Genderqueer,128.101.240.0
Savina,Saundercock,ssaundercock1u@skype.com,Non-binary,125.28.209.208
Jeanie,Kobiela,jkobiela1v@homestead.com,Genderqueer,181.96.231.191
Jessamine,Stouther,jstouther1w@amazon.de,Female,145.140.150.206
Marthe,Logan,mlogan1x@discuz.net,Bigender,22.241.71.12
Alyda,Faulkes,afaulkes1y@exblog.jp,Bigender,244.94.3.2
Elbertine,Stiegars,estiegars1z@fda.gov,Non-binary,124.210.33.116
Kissiah,Iddins,kiddins20@discovery.com,Female,99.80.121.16
Chrissy,Trighton,ctrighton21@mayoclinic.com,Bigender,139.152.236.77
Madonna,Geffinger,mgeffinger22@live.com,Genderqueer,233.218.42.59
Bebe,O' Liddy,boliddy23@desdev.cn,Genderfluid,230.205.65.52
Candra,Grigoryov,cgrigoryov24@fc2.com,Male,160.114.188.79
Elena,Gallihaulk,egallihaulk25@latimes.com,Male,5.42.174.2
Marcellina,Lambal,mlambal26@sina.com.cn,Agender,159.41.119.204
Mimi,Coping,mcoping27@craigslist.org,Female,129.121.50.219
Star,Blaby,sblaby28@google.com.au,Male,126.191.71.171
Lenee,Sweet,lsweet29@engadget.com,Male,78.196.175.205
Kamilah,Moynham,kmoynham2a@nydailynews.com,Female,114.239.157.127
Burke,Waddup,bwaddup2b@behance.net,Agender,37.14.32.14
Wrennie,Chmarny,wchmarny2c@chron.com,Female,128.228.254.40
Hadley,Kopke,hkopke2d@angelfire.com,Bigender,84.146.77.156
Karin,Caulier,kcaulier2e@ft.com,Agender,200.133.167.215
Con,Peake,cpeake2f@samsung.com,Agender,56.149.56.10
Joseph,Ashurst,jashurst2g@dot.gov,Male,203.185.232.22
Tessa,Alvarado,talvarado2h@toplist.cz,Female,178.108.240.174
Celesta,Gaine,cgaine2i@hud.gov,Bigender,182.152.150.13
Monty,Olexa,molexa2j@princeton.edu,Agender,156.86.23.166
Leontine,Fathers,lfathers2k@spiegel.de,Non-binary,42.96.167.137
Noami,McCreadie,nmccreadie2l@amazon.co.jp,Non-binary,224.53.188.2
Leora,Bexon,lbexon2m@posterous.com,Polygender,90.12.124.116
De witt,Maultby,dmaultby2n@discuz.net,Female,113.132.176.66
Idelle,Bonfield,ibonfield2o@posterous.com,Male,116.234.189.7
Dolley,Fullom,dfullom2p@constantcontact.com,Non-binary,184.115.77.99
Homere,Lampl,hlampl2q@japanpost.jp,Agender,210.89.71.74
Ellwood,Keddie,ekeddie2r@amazonaws.com,Bigender,249.177.14.210
Elisabeth,Worsall,eworsall2s@sfgate.com,Agender,72.58.19.40
Ashia,Brahmer,abrahmer2t@cnn.com,Non-binary,119.14.120.13
Monty,Gawkes,mgawkes2u@shop-pro.jp,Genderfluid,100.58.100.254
Clary,Wadeson,cwadeson2v@oracle.com,Bigender,198.179.77.16
Carny,Manderson,cmanderson2w@usatoday.com,Polygender,186.115.50.57
Dodi,Shearmer,dshearmer2x@japanpost.jp,Genderqueer,153.3.135.239
Layney,Cuming,lcuming2y@craigslist.org,Non-binary,26.188.170.205
Dorice,Shallo,dshallo2z@squarespace.com,Male,8.21.184.94
Quentin,Tewkesberry,qtewkesberry30@goo.ne.jp,Genderqueer,20.187.200.138
Fern,Bartle,fbartle31@bbc.co.uk,Male,1.129.164.0
Evey,Humbles,ehumbles32@digg.com,Bigender,48.4.156.125
Angelina,Berriball,aberriball33@topsy.com,Agender,11.232.90.234
Olva,Romagnosi,oromagnosi34@tumblr.com,Bigender,233.203.105.172
Radcliffe,Kneesha,rkneesha35@dedecms.com,Genderfluid,239.255.90.146
Audre,Tyrone,atyrone36@google.ru,Genderqueer,48.112.209.102
Raynor,Mephan,rmephan37@csmonitor.com,Genderqueer,191.92.224.233
Gusty,Reddin,greddin38@mail.ru,Non-binary,62.118.155.141
Nealy,Mitkin,nmitkin39@comcast.net,Genderqueer,126.73.110.82
Sindee,O'Dogherty,sodogherty3a@naver.com,Genderfluid,39.83.31.32
Berte,Ticksall,bticksall3b@last.fm,Male,66.234.171.9
Niko,Clitherow,nclitherow3c@unc.edu,Genderfluid,157.146.177.41
Otha,Josilowski,ojosilowski3d@theguardian.com,Genderfluid,153.213.245.42
Port,Lilie,plilie3e@pen.io,Non-binary,134.72.96.62
Lyle,Humber,lhumber3f@artisteer.com,Female,39.236.199.177
Deanna,Chable,dchable3g@ed.gov,Agender,142.241.190.227
Bernardo,Simenet,bsimenet3h@nba.com,Genderqueer,64.247.105.61
Bernadene,Tosney,btosney3i@oakley.com,Genderfluid,138.42.118.21
Sigvard,Posner,sposner3j@baidu.com,Genderfluid,170.173.85.65
Laverne,Brice,lbrice3k@earthlink.net,Agender,33.142.156.11
Orella,Kelloway,okelloway3l@odnoklassniki.ru,Polygender,196.164.34.231
Jorge,Clarabut,jclarabut3m@who.int,Genderqueer,131.64.74.75
Yard,Ironmonger,yironmonger3n@army.mil,Agender,101.183.1.17
Malinda,Sallter,msallter3o@home.pl,Female,99.34.127.113
Nomi,Simmon,nsimmon3p@mayoclinic.com,Polygender,132.44.51.109
Miller,Conkey,mconkey3q@imgur.com,Polygender,63.120.74.183
Tish,Gozney,tgozney3r@usatoday.com,Genderqueer,70.162.139.249
Fulton,Stiegars,fstiegars3s@fc2.com,Agender,242.71.178.253
Malva,Fittall,mfittall3t@devhub.com,Male,78.10.14.207
Ciel,Pedden,cpedden3u@360.cn,Genderfluid,206.51.124.64
Elaina,Dewhirst,edewhirst3v@creativecommons.org,Genderqueer,56.52.123.121
Ban,Phelan,bphelan3w@godaddy.com,Non-binary,171.66.230.43
Crawford,Trathen,ctrathen3x@soundcloud.com,Agender,143.20.197.180
Nissie,Paulon,npaulon3y@ftc.gov,Agender,187.191.28.14
Lester,Klimentyonok,lklimentyonok3z@uol.com.br,Bigender,186.141.110.28
Sheelah,Rewcastle,srewcastle40@constantcontact.com,Genderqueer,200.237.180.99
Alick,Swanbourne,aswanbourne41@issuu.com,Non-binary,204.30.87.215
Noby,Cleobury,ncleobury42@studiopress.com,Agender,34.88.231.0
Joeann,Rusk,jrusk43@123-reg.co.uk,Female,44.126.228.225
Gretchen,Downie,gdownie44@chron.com,Polygender,76.121.49.249
Pamella,Boller,pboller45@amazon.co.jp,Genderqueer,20.249.39.115
Billye,Batstone,bbatstone46@hud.gov,Bigender,46.2.34.103
Ellynn,MacClancey,emacclancey47@nature.com,Male,107.55.233.204
Genny,Shepherdson,gshepherdson48@mediafire.com,Bigender,227.84.17.40
Rosalia,Shall,rshall49@over-blog.com,Female,95.118.227.228
Phyllis,Watson-Brown,pwatsonbrown4a@wikipedia.org,Polygender,216.192.125.161
Genna,Fulkes,gfulkes4b@harvard.edu,Male,235.252.179.198
Bernadina,Zupone,bzupone4c@utexas.edu,Polygender,78.157.195.7
Vanya,Garnall,vgarnall4d@webnode.com,Non-binary,227.38.197.165
Stefania,Gotliffe,sgotliffe4e@ameblo.jp,Non-binary,243.52.141.36
Sharyl,Maton,smaton4f@apple.com,Female,206.187.54.128
Mendie,Arnke,marnke4g@businessweek.com,Bigender,68.207.102.4
Yard,Aubert,yaubert4h@tinyurl.com,Non-binary,199.89.4.131
Aurora,Borthwick,aborthwick4i@google.it,Polygender,245.54.253.155
Joyann,Riveles,jriveles4j@artisteer.com,Male,229.120.116.51
Philbert,O'Connell,poconnell4k@harvard.edu,Genderqueer,138.16.24.46
Marjy,Akram,makram4l@fema.gov,Non-binary,124.10.59.102
Luz,Bagshaw,lbagshaw4m@4shared.com,Non-binary,158.242.129.216
Galvin,Peye,gpeye4n@latimes.com,Genderqueer,230.92.229.53
Vivien,Lapish,vlapish4o@ted.com,Genderqueer,7.30.61.230
Davina,Dominighi,ddominighi4p@census.gov,Agender,124.12.21.229
Sydney,Sinson,ssinson4q@ocn.ne.jp,Male,220.105.42.237
Charis,Trow,ctrow4r@liveinternet.ru,Bigender,117.153.100.80
Gilberte,Krysztowczyk,gkrysztowczyk4s@technorati.com,Bigender,189.66.187.112
Guthry,Rilton,grilton4t@google.co.jp,Male,24.29.127.148
Micky,Juares,mjuares4u@hud.gov,Polygender,58.69.39.19
Fairfax,Jannaway,fjannaway4v@dot.gov,Non-binary,27.117.254.193
Brittani,Biddulph,bbiddulph4w@altervista.org,Agender,43.227.218.74
Hayyim,Sulland,hsulland4x@canalblog.com,Male,253.59.128.155
Isabelita,Tippell,itippell4y@marriott.com,Polygender,241.106.31.41
Kayla,Hankey,khankey4z@squidoo.com,Agender,183.34.145.25
Rayshell,Dethloff,rdethloff50@home.pl,Genderfluid,79.244.28.1
Hilarius,Meriel,hmeriel51@surveymonkey.com,Bigender,100.6.72.91
Burl,Wapplington,bwapplington52@google.fr,Genderfluid,160.173.154.100
Danny,Annetts,dannetts53@craigslist.org,Female,1.138.228.34
Juanita,Mealing,jmealing54@apple.com,Genderqueer,91.186.190.124
Ashton,Barfield,abarfield55@youku.com,Non-binary,120.88.246.110
Eben,Oxley,eoxley56@techcrunch.com,Polygender,7.16.73.236
Robbin,Ruste,rruste57@yahoo.com,Bigender,87.74.61.131
Nana,Germann,ngermann58@icq.com,Genderfluid,171.173.56.232
Dasi,McKibbin,dmckibbin59@wufoo.com,Non-binary,139.118.110.216
Ingeborg,McCaughan,imccaughan5a@smh.com.au,Polygender,29.247.55.13
Theressa,Hawse,thawse5b@uol.com.br,Non-binary,142.72.176.213
Antonella,Haffner,ahaffner5c@hc360.com,Genderfluid,238.219.244.55
Ami,Keneforde,akeneforde5d@wisc.edu,Genderfluid,171.61.49.128
Miner,Leijs,mleijs5e@businessinsider.com,Agender,213.58.50.116
Nicolea,Devas,ndevas5f@virginia.edu,Polygender,30.34.229.39
Sigismond,McKeown,smckeown5g@wix.com,Genderfluid,151.228.192.128
Rafaelita,Benedyktowicz,rbenedyktowicz5h@businessweek.com,Polygender,209.110.55.148
Bartram,Maymand,bmaymand5i@blinklist.com,Polygender,82.229.123.0
Cozmo,Lynes,clynes5j@eepurl.com,Genderqueer,225.214.5.165
Renaldo,Gosse,rgosse5k@wikispaces.com,Genderqueer,231.243.46.12
Carin,Edwins,cedwins5l@virginia.edu,Polygender,124.214.114.66
Marjie,Nolot,mnolot5m@google.it,Genderfluid,83.164.33.1
Renault,Melloy,rmelloy5n@mozilla.org,Female,54.183.28.218
Tallie,Tremellan,ttremellan5o@google.nl,Bigender,143.120.105.7
Astrix,Asp,aasp5p@businessinsider.com,Male,86.151.180.97
Hurley,Vela,hvela5q@sitemeter.com,Genderqueer,59.63.31.119
Selena,Drinkale,sdrinkale5r@reference.com,Bigender,68.136.45.201
Goldina,Axelbey,gaxelbey5s@usnews.com,Polygender,189.52.84.36
Dud,Colborn,dcolborn5t@nps.gov,Genderqueer,98.94.169.108
Gunther,Birkett,gbirkett5u@fastcompany.com,Agender,253.196.186.253
Rowan,Munkley,rmunkley5v@artisteer.com,Polygender,238.138.245.206
Ariana,Greenslade,agreenslade5w@craigslist.org,Non-binary,92.245.154.36
Farlee,Merriman,fmerriman5x@webmd.com,Agender,63.210.15.47
Ted,Duns,tduns5y@mtv.com,Female,69.84.91.126
Flss,Bambrick,fbambrick5z@homestead.com,Female,91.186.231.127
Sheela,Arbon,sarbon60@ehow.com,Polygender,173.105.209.147
Weidar,Bedder,wbedder61@paginegialle.it,Agender,228.200.12.39
Allsun,Allbon,aallbon62@mac.com,Non-binary,64.31.183.33
Lucias,Kabos,lkabos63@google.com,Polygender,236.244.169.205
Wells,Mathissen,wmathissen64@flickr.com,Polygender,64.103.224.209
Elmo,Whordley,ewhordley65@sina.com.cn,Non-binary,97.45.208.182
Jeremie,Rowland,jrowland66@sogou.com,Female,57.123.238.110
Adoree,Wilprecht,awilprecht67@elegantthemes.com,Non-binary,243.254.75.102
Ari,Biner,abiner68@yale.edu,Genderfluid,251.77.18.250
Jocelyne,Beckles,jbeckles69@un.org,Polygender,89.167.50.107
Heath,McFadzean,hmcfadzean6a@paginegialle.it,Male,48.207.133.182
Kingston,Gosney,kgosney6b@example.com,Non-binary,106.42.64.172
Vernor,Maciocia,vmaciocia6c@discuz.net,Polygender,66.39.36.30
Debby,Le Prevost,dleprevost6d@upenn.edu,Polygender,123.95.112.182
Demeter,McVane,dmcvane6e@army.mil,Genderfluid,99.120.162.225
Donalt,Parlour,dparlour6f@so-net.ne.jp,Genderfluid,101.122.151.135
Raine,Emmer,remmer6g@plala.or.jp,Non-binary,205.183.32.82
Avril,Skpsey,askpsey6h@economist.com,Agender,125.237.182.253
Iver,Philipard,iphilipard6i@123-reg.co.uk,Non-binary,53.87.235.9
Windy,Cagan,wcagan6j@wsj.com,Polygender,173.74.49.171
Odessa,Matevushev,omatevushev6k@mayoclinic.com,Genderqueer,135.23.72.211
Danita,Caplis,dcaplis6l@amazon.co.jp,Non-binary,92.30.244.9
Kynthia,Kinlock,kkinlock6m@zimbio.com,Genderfluid,88.220.253.8
Cherey,Caban,ccaban6n@ovh.net,Male,244.252.146.142
Rustie,Readwing,rreadwing6o@theguardian.com,Male,21.210.214.191
Lorry,Macconaghy,lmacconaghy6p@reverbnation.com,Agender,121.90.12.52
Camey,Ailward,cailward6q@hibu.com,Male,79.254.63.166
Patricio,Ludlam,pludlam6r@bloomberg.com,Non-binary,56.137.7.143
Dawna,Lutsch,dlutsch6s@bigcartel.com,Polygender,162.11.215.168
Martelle,MacCumiskey,mmaccumiskey6t@wordpress.com,Genderfluid,222.13.83.196
Tremain,Sallinger,tsallinger6u@about.com,Non-binary,52.7.100.94
Gun,Dreghorn,gdreghorn6v@forbes.com,Bigender,63.129.156.142
Dennet,Bowne,dbowne6w@themeforest.net,Bigender,228.62.22.146
Jaine,Beesley,jbeesley6x@washington.edu,Female,38.167.217.89
Karlan,MacInnes,kmacinnes6y@delicious.com,Male,90.20.198.99
Tremaine,Kenwell,tkenwell6z@psu.edu,Polygender,194.34.169.118
Lora,Stitle,lstitle70@bloglines.com,Male,153.7.87.14
Tamarah,Strowthers,tstrowthers71@china.com.cn,Genderqueer,42.186.240.12
Cassie,Haworth,chaworth72@cisco.com,Bigender,202.121.233.99
Evanne,Ellsworthe,eellsworthe73@clickbank.net,Agender,21.125.255.31
Archy,Henrot,ahenrot74@twitter.com,Agender,64.13.217.6
Delaney,Boman,dboman75@buzzfeed.com,Genderfluid,6.182.118.21
Frankie,Parkes,fparkes76@utexas.edu,Male,19.192.78.87
Consolata,Vellender,cvellender77@devhub.com,Non-binary,185.255.146.3
Gerladina,Schwander,gschwander78@plala.or.jp,Female,218.236.224.44
Katie,Wyndham,kwyndham79@chronoengine.com,Non-binary,32.19.243.172
Rolando,Brauninger,rbrauninger7a@livejournal.com,Bigender,164.56.41.187
Curt,Gillogley,cgillogley7b@mapquest.com,Agender,167.124.150.20
Osbourne,de Clerk,odeclerk7c@epa.gov,Non-binary,214.233.157.194
Smith,Aberkirder,saberkirder7d@oaic.gov.au,Genderqueer,217.220.145.120
Malcolm,Figgs,mfiggs7e@newsvine.com,Non-binary,178.66.116.161
Kendell,Gloyens,kgloyens7f@eventbrite.com,Polygender,125.7.194.31
Stearne,Hinners,shinners7g@gizmodo.com,Genderqueer,184.233.3.130
Jobie,Connachan,jconnachan7h@sciencedaily.com,Agender,60.234.239.117
Hercule,Hanigan,hhanigan7i@latimes.com,Female,250.44.144.78
Gabby,Genn,ggenn7j@seattletimes.com,Female,3.252.235.176
Osborne,Short,oshort7k@dropbox.com,Agender,130.50.15.134
Shawna,Griston,sgriston7l@nydailynews.com,Bigender,63.8.183.140
Hunfredo,Dimberline,hdimberline7m@delicious.com,Genderfluid,91.225.32.217
Edithe,Worsalls,eworsalls7n@tmall.com,Bigender,57.191.58.88
Tadd,Bullivent,tbullivent7o@networksolutions.com,Bigender,101.82.85.254
Hadley,Laycock,hlaycock7p@vinaora.com,Female,123.177.152.16
Iona,Idney,iidney7q@google.com,Non-binary,153.238.233.76
Shae,Collaton,scollaton7r@tmall.com,Female,40.25.36.109
Broddie,Donaghy,bdonaghy7s@loc.gov,Female,81.125.67.154
Niccolo,Gilpin,ngilpin7t@youtu.be,Agender,57.66.130.21
Cole,Guerreiro,cguerreiro7u@etsy.com,Genderfluid,155.194.181.78
Cully,Haywood,chaywood7v@archive.org,Male,96.156.89.136
Emera,Senter,esenter7w@youku.com,Female,114.177.176.224
Sammy,Norheny,snorheny7x@elegantthemes.com,Male,95.163.10.254
Yurik,Bridgewood,ybridgewood7y@businessweek.com,Male,85.65.240.91
Glynn,Hedditeh,ghedditeh7z@bizjournals.com,Female,156.151.179.204
Benjamin,Neil,bneil80@privacy.gov.au,Genderqueer,0.135.168.10
Gregorius,Grinov,ggrinov81@cam.ac.uk,Genderqueer,255.213.7.136
Hobie,Haddy,hhaddy82@google.com.hk,Polygender,230.35.46.207
Dorise,Sheppey,dsheppey83@sohu.com,Non-binary,67.249.160.133
Uriah,Woloschinski,uwoloschinski84@comcast.net,Polygender,127.17.218.250
Carola,Scocroft,cscocroft85@a8.net,Genderqueer,42.144.32.103
Elenore,Windross,ewindross86@example.com,Genderqueer,3.201.119.103
Fernando,Pharrow,fpharrow87@com.com,Genderqueer,33.122.193.86
Gisele,Cremen,gcremen88@slashdot.org,Non-binary,176.206.7.127
Raven,Kiltie,rkiltie89@hao123.com,Male,136.170.197.35
Othelia,Scholtz,oscholtz8a@europa.eu,Non-binary,208.232.94.169
Lawton,Collin,lcollin8b@indiatimes.com,Genderfluid,184.78.235.68
Mervin,Showte,mshowte8c@csmonitor.com,Male,236.112.229.88
Torrie,Virgo,tvirgo8d@cyberchimps.com,Non-binary,107.7.7.195
Karel,Mancell,kmancell8e@apache.org,Agender,3.254.116.52
Kimbell,Collum,kcollum8f@redcross.org,Male,17.216.228.255
Tara,McAlpin,tmcalpin8g@icio.us,Male,125.76.127.24
Geri,McKea,gmckea8h@histats.com,Bigender,194.57.181.55
Cyndie,Forrest,cforrest8i@cpanel.net,Genderqueer,25.244.148.115
Filippo,Chesswas,fchesswas8j@un.org,Bigender,235.112.255.103
Gawain,Castelluzzi,gcastelluzzi8k@mtv.com,Genderqueer,221.116.183.204
Ardath,Ballister,aballister8l@admin.ch,Male,69.208.21.101
Mari,Mac,mmac8m@pcworld.com,Bigender,49.204.201.160
Cornie,Gritton,cgritton8n@google.ru,Male,58.222.126.199
Averell,Trigg,atrigg8o@stanford.edu,Non-binary,186.91.216.186
Harry,Cummins,hcummins8p@theguardian.com,Female,212.203.145.65
Dermot,Gaunter,dgaunter8q@booking.com,Male,189.58.233.94
Bobbie,Giottoi,bgiottoi8r@nymag.com,Polygender,84.83.189.117
Brunhilda,Rolf,brolf8s@ezinearticles.com,Male,10.211.40.159
Ina,Teresia,iteresia8t@newyorker.com,Genderfluid,250.250.242.35
Mercie,Grzegorek,mgrzegorek8u@archive.org,Male,21.46.44.147
Cordell,Idwal Evans,cidwalevans8v@meetup.com,Genderqueer,133.180.220.116
Saleem,Kneller,skneller8w@cafepress.com,Female,195.148.118.136
Rodrick,Danforth,rdanforth8x@cmu.edu,Non-binary,235.48.212.200
Angelo,Ridding,aridding8y@jiathis.com,Genderqueer,86.204.168.226
Alberta,Colaton,acolaton8z@baidu.com,Non-binary,166.41.48.0
Hillel,Dexter,hdexter90@wufoo.com,Female,110.147.107.44
Felike,Packwood,fpackwood91@tinypic.com,Genderqueer,97.64.81.232
Cherilyn,De la Yglesias,cdelayglesias92@amazon.co.jp,Female,94.140.78.74
Josiah,Fearenside,jfearenside93@dagondesign.com,Non-binary,115.213.159.151
Roxie,Sandland,rsandland94@amazon.de,Female,155.129.48.66
Sterne,Pllu,spllu95@pcworld.com,Polygender,108.66.20.71
Devin,Garman,dgarman96@sohu.com,Agender,140.233.74.3
Cord,Ghidotti,cghidotti97@howstuffworks.com,Bigender,208.214.94.172
Andee,De Beneditti,adebeneditti98@google.ca,Non-binary,148.179.135.94
Woody,Linzee,wlinzee99@homestead.com,Female,39.121.238.115
Alvera,Aronov,aaronov9a@bbc.co.uk,Female,47.248.65.60
Alexio,Kennsley,akennsley9b@icio.us,Polygender,97.210.163.98
Ernest,Piatkow,epiatkow9c@clickbank.net,Non-binary,33.137.160.114
Archibaldo,Croster,acroster9d@unicef.org,Genderfluid,39.31.160.170
Major,Roden,mroden9e@icio.us,Bigender,139.19.114.162
Annamarie,Beinisch,abeinisch9f@theguardian.com,Genderqueer,4.144.147.24
Marie,Le Page,mlepage9g@unesco.org,Agender,193.139.168.15
Rowe,Stranio,rstranio9h@loc.gov,Genderqueer,35.207.84.206
Terrye,Pfeuffer,tpfeuffer9i@springer.com,Genderqueer,239.87.239.44
Skipton,Vedntyev,svedntyev9j@zimbio.com,Bigender,19.85.143.125
Terza,Meo,tmeo9k@constantcontact.com,Genderqueer,72.8.235.16
Russell,Edser,redser9l@java.com,Genderfluid,130.160.60.160
Bethina,Kinnear,bkinnear9m@loc.gov,Genderfluid,201.220.245.149
Harriot,Diggles,hdiggles9n@pagesperso-orange.fr,Bigender,8.246.244.217
De,Rushmare,drushmare9o@xing.com,Genderqueer,151.103.34.154
Enrique,Crebott,ecrebott9p@jugem.jp,Bigender,154.33.175.210
Justinian,MacDirmid,jmacdirmid9q@tinyurl.com,Genderfluid,46.176.123.188
Demetris,Bussen,dbussen9r@jugem.jp,Bigender,78.127.146.29
Rossy,Etteridge,retteridge9s@state.tx.us,Male,94.203.242.200
Dinah,Landers,dlanders9t@tinyurl.com,Agender,14.22.80.159
Channa,Greim,cgreim9u@ed.gov,Male,173.136.236.158
Bond,Hugk,bhugk9v@google.com.br,Female,152.6.113.235
Araldo,Cureton,acureton9w@skyrock.com,Genderfluid,255.133.138.234
Nicky,Berrigan,nberrigan9x@google.ru,Genderqueer,107.213.42.23
Wilow,Cardero,wcardero9y@webeden.co.uk,Genderqueer,128.205.149.38
Aleta,Bygrave,abygrave9z@mapquest.com,Genderqueer,158.224.78.124
Farand,Bullivent,fbulliventa0@123-reg.co.uk,Genderfluid,112.98.161.17
Elsey,Hollyland,ehollylanda1@privacy.gov.au,Genderqueer,131.120.89.178
Arny,Hornung,ahornunga2@slashdot.org,Female,135.158.128.125
Gabriel,Goodchild,ggoodchilda3@japanpost.jp,Male,253.123.202.172
Jeremiah,Kielt,jkielta4@nbcnews.com,Genderqueer,172.193.108.130
Deane,Cunnell,dcunnella5@gizmodo.com,Agender,192.187.136.148
Lauree,Serjeant,lserjeanta6@skyrock.com,Genderfluid,67.58.3.93
Judon,Harbron,jharbrona7@ftc.gov,Male,106.187.20.28
Irv,Ranking,irankinga8@usda.gov,Agender,161.110.124.5
Jo,Klimkin,jklimkina9@boston.com,Polygender,96.206.21.159
Edna,Oseman,eosemanaa@dagondesign.com,Polygender,1.194.95.93
Helen,Giannotti,hgiannottiab@home.pl,Female,183.25.47.83
Kinnie,Godar,kgodarac@squidoo.com,Agender,2.72.62.141
Courtney,Airlie,cairliead@nyu.edu,Male,16.222.27.79
Darby,Cicculi,dcicculiae@irs.gov,Genderqueer,184.13.77.143
Bethany,McIlhagga,bmcilhaggaaf@alibaba.com,Male,59.39.164.100
Thorndike,Lorey,tloreyag@bluehost.com,Polygender,128.54.218.159
Virgil,Fishby,vfishbyah@gmpg.org,Female,241.207.152.73
Beryle,Falck,bfalckai@indiatimes.com,Non-binary,177.120.214.207
Serena,Brabben,sbrabbenaj@miibeian.gov.cn,Agender,2.145.247.20
Carolus,Meneur,cmeneurak@admin.ch,Agender,250.211.82.199
Morey,Rotte,mrotteal@unicef.org,Male,60.214.5.70
Carlos,Temblett,ctemblettam@statcounter.com,Male,88.238.156.100
Burk,Cheers,bcheersan@chron.com,Agender,128.59.139.69
Maisey,Poschel,mposchelao@answers.com,Non-binary,181.22.128.155
Cody,Kaufman,ckaufmanap@vkontakte.ru,Genderfluid,87.145.2.187
Annnora,Mattschas,amattschasaq@utexas.edu,Bigender,185.26.154.153
Martie,Haycox,mhaycoxar@rambler.ru,Male,84.213.157.133
Hyatt,Debill,hdebillas@time.com,Female,141.239.124.65
Conan,Ducastel,cducastelat@phpbb.com,Genderqueer,94.64.236.120
Olivia,Oppy,ooppyau@digg.com,Female,195.248.223.159
Reinwald,Caughey,rcaugheyav@usgs.gov,Polygender,110.62.27.236
Tani,Rookeby,trookebyaw@comcast.net,Agender,118.61.31.182
Lilah,Adiscot,ladiscotax@bloglovin.com,Genderfluid,245.106.6.39
Gabrila,Kent,gkentay@vkontakte.ru,Female,15.118.6.18
Elliott,De Bernardi,edebernardiaz@stumbleupon.com,Bigender,13.132.106.253
Dael,Sentinella,dsentinellab0@yahoo.com,Female,206.165.134.236
Ted,Oakes,toakesb1@abc.net.au,Polygender,201.255.100.236
Jayme,Ruppelin,jruppelinb2@hud.gov,Male,217.7.48.125
Edin,Gurnee,egurneeb3@rambler.ru,Male,23.32.231.151
Dulci,Rayne,drayneb4@privacy.gov.au,Bigender,1.206.148.232
Ermanno,Coat,ecoatb5@paginegialle.it,Genderqueer,51.110.251.190
Kira,Bugden,kbugdenb6@vk.com,Genderqueer,41.182.124.250
Giorgio,Bittleson,gbittlesonb7@engadget.com,Non-binary,171.17.61.203
Candie,Slowey,csloweyb8@cbslocal.com,Female,84.145.29.83
Pate,Hexum,phexumb9@about.com,Genderqueer,237.111.204.28
Tannie,Jubb,tjubbba@vkontakte.ru,Non-binary,26.208.202.111
Bridget,Naton,bnatonbb@delicious.com,Genderfluid,73.228.217.172
Teresita,Jzhakov,tjzhakovbc@yelp.com,Female,235.145.138.41
Latrena,Glancy,lglancybd@si.edu,Male,177.98.78.243
Rebe,Alphonso,ralphonsobe@google.pl,Agender,19.10.10.226
Lothaire,Kingswell,lkingswellbf@dmoz.org,Genderqueer,146.83.142.82
Yevette,Bundy,ybundybg@so-net.ne.jp,Polygender,182.137.183.155
Felike,Andersch,fanderschbh@ucoz.com,Bigender,42.247.91.60
Annaliese,MacAnulty,amacanultybi@army.mil,Female,147.82.16.85
Penn,Jessen,pjessenbj@nifty.com,Polygender,49.198.20.180
Eda,Tittershill,etittershillbk@jigsy.com,Genderqueer,245.212.38.217
Maddi,Kemmer,mkemmerbl@chronoengine.com,Female,17.3.158.196
Enoch,Baulch,ebaulchbm@creativecommons.org,Male,83.93.91.130
Vivianne,Hellen,vhellenbn@eepurl.com,Male,221.121.225.14
Olympe,Poag,opoagbo@yellowbook.com,Non-binary,5.6.91.53
Dian,Seakes,dseakesbp@ameblo.jp,Non-binary,175.220.111.17
Devonna,Bloschke,dbloschkebq@google.com.hk,Male,224.75.187.103
Junina,Searjeant,jsearjeantbr@w3.org,Non-binary,46.48.161.188
Leonhard,Canniffe,lcanniffebs@discuz.net,Genderqueer,217.239.211.77
Gusta,Riccardi,griccardibt@infoseek.co.jp,Female,44.126.26.173
Hannah,Blind,hblindbu@dailymotion.com,Genderqueer,39.193.36.162
Verney,Linney,vlinneybv@opensource.org,Bigender,0.249.238.127
Renee,Rekes,rrekesbw@washingtonpost.com,Genderfluid,98.71.210.249
Merna,Burehill,mburehillbx@archive.org,Genderfluid,129.210.189.81
Fidelia,Hemphall,fhemphallby@t-online.de,Genderfluid,237.93.109.225
Dev,Ridgedell,dridgedellbz@wufoo.com,Bigender,0.235.34.108
Kelsey,Dufoure,kdufourec0@behance.net,Genderfluid,20.97.140.87
Adorne,Eplett,aeplettc1@auda.org.au,Genderqueer,62.179.192.252
Caresse,le Keux,clekeuxc2@domainmarket.com,Male,128.240.159.87
Brooke,Dubble,bdubblec3@soundcloud.com,Female,180.172.233.96
Jesselyn,Lampke,jlampkec4@patch.com,Female,86.181.217.154
Joseph,Holton,jholtonc5@ask.com,Female,128.106.163.178
Zaria,Gimbart,zgimbartc6@nytimes.com,Bigender,182.4.198.150
Sadella,Sherwin,ssherwinc7@twitter.com,Polygender,63.29.64.75
Marjory,Strethill,mstrethillc8@blogspot.com,Female,91.104.231.85
Juana,Cumberpatch,jcumberpatchc9@drupal.org,Polygender,105.185.73.10
Tades,Parade,tparadeca@opensource.org,Polygender,82.240.186.246
Hansiain,Drummond,hdrummondcb@rediff.com,Bigender,92.231.62.36
Teresa,McKnish,tmcknishcc@istockphoto.com,Female,39.248.228.61
Damien,McCready,dmccreadycd@samsung.com,Male,57.21.61.253
Eldridge,Sheering,esheeringce@slashdot.org,Genderqueer,47.150.122.110
Virgie,Sextie,vsextiecf@mayoclinic.com,Female,94.205.121.28
Zebedee,Earry,zearrycg@drupal.org,Genderfluid,110.95.55.102
Sascha,Geratt,sgerattch@xrea.com,Bigender,218.2.123.199
Helga,Vinnick,hvinnickci@thetimes.co.uk,Polygender,150.240.11.246
Britni,Maier,bmaiercj@etsy.com,Agender,81.72.124.252
Dall,Whitta,dwhittack@google.ca,Male,178.230.33.97
Sharai,Horribine,shorribinecl@dion.ne.jp,Female,163.12.156.203
Aurelie,Aleixo,aaleixocm@marketwatch.com,Polygender,134.88.176.85
Bartholomew,Vail,bvailcn@cnbc.com,Genderqueer,215.131.175.52
Standford,Cowen,scowenco@github.io,Bigender,45.157.0.86
Frannie,Rustan,frustancp@globo.com,Male,27.132.184.218
Ferris,Gibbieson,fgibbiesoncq@zimbio.com,Genderfluid,157.125.108.231
Dedie,Gainsbury,dgainsburycr@w3.org,Agender,88.111.157.197
Evangelia,Dorset,edorsetcs@over-blog.com,Polygender,8.158.224.52
Daniele,Kless,dklessct@va.gov,Agender,105.229.74.34
Casey,Doley,cdoleycu@paypal.com,Genderqueer,139.6.222.220
Garret,Pettican,gpetticancv@state.tx.us,Genderfluid,105.99.201.215
Agneta,Gianuzzi,agianuzzicw@mapy.cz,Non-binary,172.60.79.203
Chevy,Neely,cneelycx@skype.com,Genderfluid,12.88.65.7
Sandy,Scurr,sscurrcy@house.gov,Bigender,222.32.74.71
Friedrick,Pennigar,fpennigarcz@printfriendly.com,Bigender,220.136.62.43
Ruttger,Shee,rsheed0@ask.com,Polygender,56.176.114.167
Olenka,Pickerell,opickerelld1@privacy.gov.au,Bigender,83.55.183.150
Tana,Climo,tclimod2@sitemeter.com,Non-binary,239.246.63.12
Mohandis,Withrington,mwithringtond3@state.tx.us,Genderfluid,51.42.99.7
Galvin,Akett,gakettd4@nbcnews.com,Non-binary,95.236.77.110
Delores,Hryskiewicz,dhryskiewiczd5@japanpost.jp,Male,255.217.60.154
Kay,Decayette,kdecayetted6@kickstarter.com,Genderqueer,94.161.130.35
Selene,Perot,sperotd7@hhs.gov,Genderqueer,128.10.214.117
Tim,Minor,tminord8@dion.ne.jp,Genderqueer,122.10.41.182
Red,Roskams,rroskamsd9@w3.org,Female,0.3.138.106
Devin,Brickwood,dbrickwoodda@nhs.uk,Genderfluid,11.92.124.111
Hanson,Fripps,hfrippsdb@wsj.com,Bigender,88.56.11.130
Gaile,Tendahl,gtendahldc@technorati.com,Male,225.89.94.65
Thibaud,Langabeer,tlangabeerdd@dedecms.com,Female,157.169.213.111
Marge,Tidbury,mtidburyde@sun.com,Genderfluid,196.167.220.82
Kay,Starcks,kstarcksdf@ustream.tv,Agender,221.23.0.119
Hansiain,Hanny,hhannydg@ehow.com,Female,167.95.199.216
Audrye,Hallgalley,ahallgalleydh@tinyurl.com,Genderfluid,13.167.192.10
Caroline,Binnell,cbinnelldi@squidoo.com,Female,250.190.51.19
Gisela,Posvner,gposvnerdj@wikispaces.com,Non-binary,97.192.146.70
Hobie,Wattam,hwattamdk@ucsd.edu,Genderqueer,69.92.164.236
Suzie,Reihm,sreihmdl@canalblog.com,Genderfluid,249.9.42.161
Mikael,Furmonger,mfurmongerdm@hao123.com,Male,248.97.210.145
Constanta,Stummeyer,cstummeyerdn@loc.gov,Non-binary,136.106.128.194
Eddie,Murt,emurtdo@deviantart.com,Polygender,183.29.233.225
Eve,Rosario,erosariodp@discuz.net,Agender,61.66.53.213
Page,Littlecote,plittlecotedq@mlb.com,Agender,45.212.86.67
Camile,Mardall,cmardalldr@ted.com,Genderqueer,219.28.122.162
Kim,Kuhne,kkuhneds@mtv.com,Female,198.204.45.166
Moe,Quinnell,mquinnelldt@patch.com,Genderfluid,53.139.60.164
Tova,O'Corrigane,tocorriganedu@washingtonpost.com,Non-binary,46.159.235.113
Durante,Kinnar,dkinnardv@comcast.net,Polygender,159.150.102.178
Syd,Sopper,ssopperdw@prlog.org,Genderfluid,224.132.42.216
Hilda,Jina,hjinadx@phpbb.com,Genderqueer,213.122.248.126
Chrystel,Marsham,cmarshamdy@shareasale.com,Agender,53.19.38.20
Benoit,Normavell,bnormavelldz@ebay.com,Male,126.204.214.63
Jermaine,Chatburn,jchatburne0@timesonline.co.uk,Male,9.10.18.227
Joy,Self,jselfe1@jigsy.com,Polygender,248.200.72.110
Carter,Carlile,ccarlilee2@businessweek.com,Female,169.199.117.22
Tobey,Reddoch,treddoche3@furl.net,Genderfluid,116.232.128.154
Hodge,Rosso,hrossoe4@behance.net,Polygender,176.35.248.132
Talbert,Itschakov,titschakove5@prweb.com,Bigender,230.133.128.16
Hillery,Cowoppe,hcowoppee6@google.ca,Female,209.1.250.119
Dehlia,Keal,dkeale7@alexa.com,Polygender,12.111.5.133
Gaynor,Hise,ghisee8@biblegateway.com,Agender,114.245.113.0
Yoshi,Vowden,yvowdene9@ftc.gov,Bigender,175.15.96.183
Liliane,Roder,lroderea@flickr.com,Female,145.142.189.141
Janith,Nealand,jnealandeb@slashdot.org,Non-binary,45.68.44.141
My,Henke,mhenkeec@howstuffworks.com,Polygender,154.111.157.128
Emmye,Kingsworth,ekingsworthed@ca.gov,Genderfluid,192.160.169.91
Lorianna,Chess,lchessee@dyndns.org,Genderfluid,144.220.156.104
Colline,Anglin,canglinef@networksolutions.com,Polygender,151.212.180.85
Evangeline,Ernke,eernkeeg@blogtalkradio.com,Non-binary,27.220.119.75
Enrica,Feifer,efeifereh@youku.com,Genderfluid,137.183.17.169
Consalve,Slym,cslymei@delicious.com,Polygender,224.8.135.30
Ethe,Dy,edyej@typepad.com,Male,190.217.14.238
Sadie,Bickerstasse,sbickerstasseek@vk.com,Agender,21.208.93.18
Ariela,Tatchell,atatchellel@dailymotion.com,Non-binary,123.114.183.250
Jeannie,Muldoon,jmuldoonem@yellowbook.com,Male,107.89.255.64
Sydelle,Went,swenten@mail.ru,Genderqueer,192.230.148.56
Allys,Burniston,aburnistoneo@symantec.com,Female,221.240.65.21
Wendall,Colbron,wcolbronep@admin.ch,Genderqueer,103.230.153.57
Jena,Enefer,jenefereq@state.tx.us,Polygender,26.228.28.179
Lefty,Reilingen,lreilingener@slate.com,Non-binary,182.208.123.232
Elfie,Bubbear,ebubbeares@seattletimes.com,Male,182.86.155.231
Stacia,Dutson,sdutsonet@washington.edu,Agender,251.239.64.191
Richard,Callaghan,rcallaghaneu@sina.com.cn,Genderfluid,75.136.147.171
Dorolisa,Lydon,dlydonev@t-online.de,Bigender,0.247.107.212
Zared,Portman,zportmanew@ow.ly,Female,11.141.73.27
Carroll,Langlais,clanglaisex@creativecommons.org,Polygender,238.175.66.114
Casandra,Reagan,creaganey@gnu.org,Genderqueer,193.80.213.199
Conchita,Grishaev,cgrishaevez@narod.ru,Genderfluid,109.180.47.33
Adrea,Gapper,agapperf0@stanford.edu,Genderfluid,115.201.62.128
Beverly,Pinchen,bpinchenf1@dot.gov,Female,160.128.154.163
Charlot,Engelmann,cengelmannf2@theatlantic.com,Polygender,105.80.15.43
Cherish,MacGuigan,cmacguiganf3@amazon.de,Polygender,214.149.90.99
Adele,Matuszynski,amatuszynskif4@ucla.edu,Agender,76.84.125.36
Jamie,Petrushkevich,jpetrushkevichf5@flavors.me,Genderqueer,85.31.45.0
Tailor,Matteo,tmatteof6@dmoz.org,Polygender,206.26.199.81
Bondon,McRannell,bmcrannellf7@ft.com,Bigender,255.91.58.154
Patrizius,Mergue,pmerguef8@rakuten.co.jp,Male,98.3.109.187
Florentia,Erskine,ferskinef9@cam.ac.uk,Non-binary,20.84.16.135
Maudie,Milazzo,mmilazzofa@businessinsider.com,Non-binary,53.234.155.50
Bride,Origan,boriganfb@google.ru,Polygender,243.98.197.251
Nap,Mayor,nmayorfc@gizmodo.com,Polygender,51.8.9.192
Ramonda,Neissen,rneissenfd@de.vu,Non-binary,83.179.23.70
Goldina,Fake,gfakefe@dagondesign.com,Genderfluid,207.93.65.147
Camile,Whelpton,cwhelptonff@mac.com,Genderqueer,226.52.171.1
Devin,Langley,dlangleyfg@delicious.com,Female,177.159.119.135
Ninette,Edel,nedelfh@redcross.org,Agender,247.92.84.176
Farr,Heineke,fheinekefi@nih.gov,Bigender,106.207.48.88
Rene,Backson,rbacksonfj@usatoday.com,Bigender,244.229.152.12
Oby,Studart,ostudartfk@hud.gov,Bigender,94.233.177.129
See,Brisson,sbrissonfl@tinyurl.com,Genderqueer,20.93.111.111
Ashlen,Bloomer,abloomerfm@cnbc.com,Agender,19.108.51.154
Waly,Dedman,wdedmanfn@amazon.co.uk,Genderqueer,39.127.125.213
Judah,Bremeyer,jbremeyerfo@infoseek.co.jp,Agender,36.238.22.234
Prisca,Heaseman,pheasemanfp@g.co,Non-binary,167.94.202.106
Norbie,McAlroy,nmcalroyfq@examiner.com,Polygender,118.133.70.209
Dyanna,Coneybeare,dconeybearefr@goo.ne.jp,Male,145.227.175.183
Gennie,Konig,gkonigfs@bluehost.com,Genderqueer,253.161.251.108
Hildegarde,Savory,hsavoryft@answers.com,Male,228.50.198.142
Blinnie,Penni,bpennifu@comsenz.com,Polygender,3.81.16.245
Glenn,Spollen,gspollenfv@desdev.cn,Genderqueer,244.43.236.203
Zorine,Letchmore,zletchmorefw@cargocollective.com,Genderfluid,136.206.170.230
Von,Grubb,vgrubbfx@purevolume.com,Non-binary,77.169.84.18
Packston,Cuell,pcuellfy@auda.org.au,Male,34.101.208.214
Robby,Checo,rchecofz@friendfeed.com,Female,64.183.100.145
Roana,Andriessen,randriesseng0@youku.com,Genderfluid,190.181.150.241
Muffin,Yeowell,myeowellg1@techcrunch.com,Genderfluid,204.53.229.0
Templeton,Roycroft,troycroftg2@mediafire.com,Agender,18.233.172.0
Babita,Hindmoor,bhindmoorg3@tuttocitta.it,Genderqueer,48.108.144.58
Shelden,Astles,sastlesg4@arstechnica.com,Agender,6.175.39.113
Kennie,Leydon,kleydong5@oakley.com,Genderqueer,182.41.2.50
Daile,Wilber,dwilberg6@state.gov,Bigender,115.248.64.194
Christyna,McNeachtain,cmcneachtaing7@51.la,Male,179.198.149.200
Barnard,Ravel,bravelg8@studiopress.com,Bigender,11.223.208.178
Maddy,Aizikov,maizikovg9@liveinternet.ru,Male,167.94.59.192
Marrissa,Meier,mmeierga@scientificamerican.com,Male,12.231.159.141
Becki,Serraillier,bserrailliergb@goo.gl,Non-binary,177.191.47.45
Shell,Nowakowski,snowakowskigc@zimbio.com,Bigender,149.126.159.215
Jamesy,Larkby,jlarkbygd@godaddy.com,Polygender,35.41.113.69
Pierette,Tyght,ptyghtge@tripod.com,Polygender,183.153.216.72
Calhoun,Hadlington,chadlingtongf@edublogs.org,Agender,131.90.152.208
Zulema,McMurtyr,zmcmurtyrgg@netscape.com,Polygender,250.16.67.118
Marabel,Skingley,mskingleygh@weibo.com,Genderqueer,157.48.16.57
Ricardo,Ewert,rewertgi@illinois.edu,Genderfluid,26.255.200.14
Guntar,Tyt,gtytgj@domainmarket.com,Genderqueer,73.172.28.221
Kaylee,Burchell,kburchellgk@chronoengine.com,Polygender,56.101.178.230
Yorke,Manklow,ymanklowgl@xinhuanet.com,Genderqueer,153.246.111.255
Sibylla,Birdsall,sbirdsallgm@surveymonkey.com,Agender,102.213.255.138
Eberhard,Washtell,ewashtellgn@hao123.com,Male,21.194.115.66
Scott,Baiden,sbaidengo@mail.ru,Polygender,15.122.249.113
Perry,O'Henecan,pohenecangp@dion.ne.jp,Non-binary,42.0.118.232
Davida,Meakes,dmeakesgq@i2i.jp,Genderfluid,41.127.206.56
Storm,Scamadin,sscamadingr@livejournal.com,Male,39.118.19.20
Kain,Burdis,kburdisgs@foxnews.com,Genderqueer,107.42.41.54
Jany,Onraet,jonraetgt@facebook.com,Female,165.220.214.244
Calida,Wrench,cwrenchgu@amazon.co.jp,Polygender,3.65.134.201
Mordecai,Bachmann,mbachmanngv@cdbaby.com,Genderfluid,156.32.235.186
Rick,Apedaile,rapedailegw@mayoclinic.com,Genderqueer,194.166.216.42
Tabby,Galsworthy,tgalsworthygx@army.mil,Genderfluid,227.73.27.229
Walt,Witherden,wwitherdengy@independent.co.uk,Male,107.208.60.180
Flora,Kitto,fkittogz@ftc.gov,Genderqueer,187.57.25.119
Oriana,Tooth,otoothh0@mysql.com,Female,143.37.188.149
Cristobal,Sagg,csaggh1@g.co,Genderqueer,249.22.199.255
Billye,Abad,babadh2@digg.com,Genderqueer,170.52.149.209
Corly,Gallelli,cgallellih3@multiply.com,Agender,111.72.228.124
Daffi,Richemont,drichemonth4@ifeng.com,Agender,174.203.197.237
Horacio,Hunte,hhunteh5@aol.com,Bigender,73.249.184.238
Niels,Sinkins,nsinkinsh6@youku.com,Polygender,202.249.120.96
Laraine,Shelly,lshellyh7@usda.gov,Polygender,113.98.202.35
Brigitte,Andrzejewski,bandrzejewskih8@toplist.cz,Genderfluid,111.37.213.80
Dora,Quadrio,dquadrioh9@friendfeed.com,Polygender,142.0.166.53
Radcliffe,Glendzer,rglendzerha@t-online.de,Bigender,138.188.182.237
Kerry,Etteridge,ketteridgehb@patch.com,Male,69.30.198.219
Roxana,Lamperd,rlamperdhc@github.com,Bigender,252.147.2.144
Nickie,McNeill,nmcneillhd@economist.com,Non-binary,35.70.188.195
Jobye,Ortsmann,jortsmannhe@admin.ch,Agender,96.222.25.151
Stefa,Perryn,sperrynhf@cyberchimps.com,Male,235.0.44.130
Guendolen,Smorthwaite,gsmorthwaitehg@fema.gov,Genderfluid,52.18.1.196
Jecho,Hamlin,jhamlinhh@so-net.ne.jp,Polygender,232.73.60.197
Coletta,Crewes,ccreweshi@hud.gov,Non-binary,195.110.249.135
Jillian,Sergant,jserganthj@ihg.com,Female,165.231.233.173
Gladi,Tillett,gtilletthk@tuttocitta.it,Genderfluid,88.251.165.18
Andreas,Arghent,aarghenthl@washington.edu,Polygender,207.86.188.20
Kattie,Gumn,kgumnhm@myspace.com,Bigender,66.12.117.171
Cyrill,Pegler,cpeglerhn@ning.com,Polygender,7.230.194.23
Lavinie,Baelde,lbaeldeho@yelp.com,Female,95.194.201.117
Shelbi,Healks,shealkshp@pbs.org,Bigender,157.60.219.72
Derry,Downage,ddownagehq@feedburner.com,Male,23.119.5.183
Ellissa,Thwaites,ethwaiteshr@bravesites.com,Non-binary,88.3.108.174
Hestia,Kleiner,hkleinerhs@harvard.edu,Polygender,48.113.86.71
Rawley,Laise,rlaiseht@moonfruit.com,Genderfluid,172.55.31.169
Keelby,Ivasyushkin,kivasyushkinhu@jigsy.com,Genderqueer,147.198.167.106
Wilow,Chappelle,wchappellehv@sogou.com,Female,120.124.234.215
Tristan,Sorey,tsoreyhw@cornell.edu,Genderqueer,203.233.41.61
Etheline,Oldroyde,eoldroydehx@hc360.com,Male,237.78.194.198
Gaspar,Sherwill,gsherwillhy@zimbio.com,Genderfluid,198.224.230.199
Nadine,Jeary,njearyhz@nature.com,Non-binary,66.180.146.252
Gerome,Civitillo,gcivitilloi0@pbs.org,Genderfluid,218.119.153.46
Maddi,Kunneke,mkunnekei1@samsung.com,Non-binary,111.145.30.251
Amandi,Coots,acootsi2@nymag.com,Polygender,253.111.65.49
Sybila,Buchan,sbuchani3@bing.com,Non-binary,125.75.4.223
Vallie,Presslie,vpressliei4@who.int,Female,92.50.146.136
Stevy,Howsego,showsegoi5@angelfire.com,Genderqueer,237.162.215.185
Lanny,Kedge,lkedgei6@ifeng.com,Male,235.74.215.243
Addi,Treher,atreheri7@webnode.com,Agender,59.17.255.90
Valma,Caunter,vcaunteri8@bravesites.com,Agender,29.191.228.33
Josephine,Marlen,jmarleni9@eventbrite.com,Genderfluid,95.232.64.187
Lory,Stirton,lstirtonia@cbsnews.com,Agender,204.53.106.156
Cecilio,Wisden,cwisdenib@unesco.org,Genderqueer,7.103.212.137
Tudor,Balsillie,tbalsillieic@eepurl.com,Genderqueer,166.128.216.54
Elmira,O'Doireidh,eodoireidhid@dyndns.org,Polygender,88.4.91.104
Brade,Allam,ballamie@usa.gov,Bigender,90.77.249.17
Vonny,Laughton,vlaughtonif@si.edu,Bigender,66.179.13.226
Ardene,Wratten,awrattenig@nationalgeographic.com,Male,216.146.0.144
Kriste,Charette,kcharetteih@wikia.com,Bigender,114.160.235.186
Cthrine,Pavlik,cpavlikii@phpbb.com,Male,167.108.18.249
Derril,Alday,daldayij@ed.gov,Non-binary,124.253.78.58
Genvieve,Chretien,gchretienik@newyorker.com,Agender,17.17.16.116
Lamar,Belcher,lbelcheril@unblog.fr,Female,67.18.68.82
Raffarty,Boath,rboathim@vk.com,Agender,101.123.204.230
Darryl,Boles,dbolesin@army.mil,Female,66.184.106.69
Vincent,Lindner,vlindnerio@springer.com,Bigender,54.59.106.79
Isabeau,Meaddowcroft,imeaddowcroftip@github.io,Male,0.253.123.58
Maryann,Laurentino,mlaurentinoiq@elpais.com,Male,140.152.12.4
Duffy,Stivey,dstiveyir@reverbnation.com,Genderqueer,97.146.23.16
Tova,Giacomello,tgiacomellois@gnu.org,Male,137.187.102.53
Bennie,Warrington,bwarringtonit@census.gov,Female,72.97.144.128
Florette,Winterflood,fwinterfloodiu@fastcompany.com,Genderqueer,243.204.214.80
Brear,Perello,bperelloiv@spiegel.de,Genderfluid,52.211.110.253
Cesya,Stone Fewings,cstonefewingsiw@barnesandnoble.com,Genderfluid,182.77.64.197
Claudette,Lyne,clyneix@timesonline.co.uk,Agender,190.234.17.231
Chlo,Vanyukov,cvanyukoviy@weibo.com,Genderqueer,61.170.101.188
Gordan,Chaffer,gchafferiz@earthlink.net,Male,77.149.110.209
Sutherlan,Teek,steekj0@engadget.com,Genderqueer,46.167.20.244
Carline,Madoc-Jones,cmadocjonesj1@google.com,Non-binary,220.112.102.223
Dolorita,Waggett,dwaggettj2@mac.com,Bigender,163.22.169.238
Dre,Ziems,dziemsj3@uiuc.edu,Female,28.208.245.213
Roma,Train,rtrainj4@ucoz.ru,Bigender,236.196.242.30
Sayer,Woodall,swoodallj5@house.gov,Non-binary,81.76.82.195
Genni,Winckworth,gwinckworthj6@yahoo.com,Non-binary,211.158.137.144
Antonio,Whaplington,awhaplingtonj7@hc360.com,Genderfluid,91.255.68.149
Dorey,Bielfeld,dbielfeldj8@census.gov,Female,207.146.134.249
Sybilla,Lunck,slunckj9@issuu.com,Genderqueer,76.42.96.161
Rolf,Axe,raxeja@yolasite.com,Male,118.209.216.54
Trisha,Clemo,tclemojb@pcworld.com,Bigender,222.46.117.206
Daniele,Gutherson,dguthersonjc@360.cn,Genderfluid,75.169.164.211
Moss,O'Scully,moscullyjd@timesonline.co.uk,Agender,184.166.228.170
Jackqueline,Stearne,jstearneje@surveymonkey.com,Genderqueer,246.92.178.66
Witty,Hulmes,whulmesjf@jugem.jp,Female,26.211.234.78
Andreas,Kornel,akorneljg@typepad.com,Genderfluid,59.97.223.239
Rhona,Sabban,rsabbanjh@hibu.com,Genderqueer,238.54.174.63
Lamont,Gourlay,lgourlayji@vkontakte.ru,Polygender,86.16.119.169
Muffin,Batty,mbattyjj@bloomberg.com,Polygender,40.141.96.25
Erika,Dawtre,edawtrejk@accuweather.com,Non-binary,68.116.127.50
Lorilee,Iorio,lioriojl@boston.com,Genderfluid,170.158.90.229
Jo ann,Cubbit,jcubbitjm@usatoday.com,Female,0.57.63.63
Rudy,Goutcher,rgoutcherjn@xinhuanet.com,Polygender,164.255.138.189
Wilbur,Frentz,wfrentzjo@salon.com,Non-binary,170.4.162.38
Axel,Mushet,amushetjp@reddit.com,Non-binary,206.99.230.242
Maxie,Byrd,mbyrdjq@digg.com,Genderfluid,129.68.209.233
Shandy,Laxtonne,slaxtonnejr@squidoo.com,Female,219.228.31.18
Brooks,Pidgeon,bpidgeonjs@weebly.com,Genderfluid,91.131.197.109
Dave,Falvey,dfalveyjt@imageshack.us,Non-binary,137.157.123.25
Susi,Basnett,sbasnettju@sakura.ne.jp,Male,127.11.107.24
Harmonie,McMorland,hmcmorlandjv@home.pl,Bigender,13.57.217.198
Zorine,Albrighton,zalbrightonjw@xing.com,Polygender,177.237.131.116
Hercule,Ells,hellsjx@instagram.com,Polygender,96.138.81.70
Arlene,Overton,aovertonjy@cocolog-nifty.com,Male,16.219.205.250
Phyllys,Bowfin,pbowfinjz@weather.com,Agender,162.62.190.130
Jannelle,Cumesky,jcumeskyk0@cdbaby.com,Non-binary,244.208.128.75
Prisca,Gornal,pgornalk1@miitbeian.gov.cn,Female,165.128.238.130
Sari,Surgison,ssurgisonk2@surveymonkey.com,Genderqueer,218.145.132.156
Agretha,Legerton,alegertonk3@telegraph.co.uk,Male,137.213.110.127
Andriana,McPike,amcpikek4@shinystat.com,Non-binary,104.138.252.241
Eyde,Couchman,ecouchmank5@vinaora.com,Polygender,179.67.198.26
Redd,Waterland,rwaterlandk6@ow.ly,Genderfluid,173.251.109.156
Colene,Rosen,crosenk7@rakuten.co.jp,Non-binary,7.127.236.97
Amby,Deavin,adeavink8@gizmodo.com,Female,99.196.9.25
Dorthea,Robun,drobunk9@twitpic.com,Female,250.201.240.252
Gerik,Dunstall,gdunstallka@flavors.me,Bigender,72.177.192.67
Webster,Oldland,woldlandkb@hatena.ne.jp,Agender,175.54.220.192
Marjie,Keese,mkeesekc@hubpages.com,Female,251.34.49.2
Gaylord,Doidge,gdoidgekd@opensource.org,Genderfluid,236.214.0.215
Marcello,Faint,mfaintke@t.co,Female,6.230.85.188
Hillier,Twigg,htwiggkf@youtu.be,Non-binary,144.201.9.110
Wait,Raven,wravenkg@sbwire.com,Bigender,13.193.145.176
Loreen,Wones,lwoneskh@sciencedaily.com,Bigender,223.186.161.169
Homer,Densham,hdenshamki@upenn.edu,Non-binary,173.121.130.127
Wyn,Pickersgill,wpickersgillkj@so-net.ne.jp,Agender,6.253.137.21
Jill,Eschalotte,jeschalottekk@nasa.gov,Genderqueer,130.38.175.101
Nady,Bampton,nbamptonkl@walmart.com,Bigender,14.177.126.182
Anneliese,Andrin,aandrinkm@hatena.ne.jp,Genderfluid,193.27.133.118
Lorain,Skune,lskunekn@ucoz.ru,Polygender,149.116.99.134
Elyse,Drinkall,edrinkallko@soup.io,Polygender,168.229.29.118
Milzie,Bradnock,mbradnockkp@dropbox.com,Non-binary,142.59.29.166
Jakie,D'Antuoni,jdantuonikq@blinklist.com,Agender,96.233.7.8
Alvera,Topley,atopleykr@posterous.com,Agender,72.177.216.213
Vikky,Gilleson,vgillesonks@unc.edu,Agender,217.45.175.64
Rici,Danilovich,rdanilovichkt@amazon.de,Male,203.115.4.143
Robenia,Vasyukhin,rvasyukhinku@spiegel.de,Genderqueer,153.72.145.215
Karrie,Oxenford,koxenfordkv@goo.gl,Non-binary,168.208.150.173
Ali,Meffen,ameffenkw@wix.com,Female,82.12.92.68
Leonardo,Henriet,lhenrietkx@google.es,Agender,161.250.25.114
Sheffy,Crowdace,scrowdaceky@un.org,Female,90.140.69.210
Taddeusz,Furnival,tfurnivalkz@army.mil,Agender,198.130.41.217
Thornie,Redmain,tredmainl0@unc.edu,Polygender,226.142.180.189
Jodi,Hutsby,jhutsbyl1@godaddy.com,Female,100.161.43.131
Winnifred,Yglesia,wyglesial2@oakley.com,Polygender,101.6.63.221
Janenna,Shoubridge,jshoubridgel3@example.com,Bigender,224.248.163.215
Cointon,Isac,cisacl4@bravesites.com,Male,44.89.1.162
Pier,Patek,ppatekl5@census.gov,Non-binary,250.37.17.25
Silvain,Hegel,shegell6@jiathis.com,Genderqueer,202.29.117.34
Selby,Trunkfield,strunkfieldl7@bbc.co.uk,Polygender,143.206.175.88
Nell,Jeffray,njeffrayl8@domainmarket.com,Male,212.18.80.134
Teddie,Greenroyd,tgreenroydl9@eventbrite.com,Male,135.245.77.175
Martie,Tomaskunas,mtomaskunasla@ucoz.com,Male,7.129.96.1
Nanice,Guinnane,nguinnanelb@ucoz.ru,Agender,211.221.12.165
Lola,Lathleiff,llathleifflc@clickbank.net,Bigender,104.60.255.245
Aubrey,Tourry,atourryld@github.io,Female,95.60.9.173
Deborah,McGarrahan,dmcgarrahanle@aol.com,Genderqueer,217.111.47.173
Tiphani,Feetham,tfeethamlf@homestead.com,Genderfluid,93.13.218.28
Barrie,Scates,bscateslg@adobe.com,Male,43.5.41.189
Nicol,Gareisr,ngareisrlh@blogspot.com,Bigender,139.161.193.59
Ron,Showt,rshowtli@cam.ac.uk,Female,48.230.95.61
Julita,Yesenev,jyesenevlj@google.com,Polygender,94.129.10.203
Erina,Fusedale,efusedalelk@homestead.com,Female,151.89.162.79
Nat,MacKellar,nmackellarll@sciencedirect.com,Agender,117.110.46.167
Thorpe,Paylor,tpaylorlm@nps.gov,Non-binary,15.214.207.202
Susanne,Hutcheon,shutcheonln@google.com.hk,Agender,100.242.16.142
Veronike,Guerra,vguerralo@123-reg.co.uk,Polygender,181.209.187.11
Dell,Adamoli,dadamolilp@friendfeed.com,Female,127.211.0.45
Raeann,Ben-Aharon,rbenaharonlq@examiner.com,Bigender,63.128.209.24
Orelle,Shelf,oshelflr@businessinsider.com,Bigender,178.10.61.83
Walker,Peirce,wpeircels@biglobe.ne.jp,Polygender,204.165.83.76
Spence,Ceely,sceelylt@barnesandnoble.com,Non-binary,172.206.34.90
Henry,Cristofano,hcristofanolu@java.com,Agender,155.161.32.91
Noel,Yarr,nyarrlv@prweb.com,Agender,92.112.33.88
Kleon,Beckingham,kbeckinghamlw@disqus.com,Male,19.180.116.231
Welby,Wallman,wwallmanlx@nifty.com,Male,253.117.76.136
Clemmie,Delamar,cdelamarly@ebay.co.uk,Male,136.219.96.138
Marcie,Kiraly,mkiralylz@addtoany.com,Female,120.57.166.135
Frederigo,Kilgrove,fkilgrovem0@miibeian.gov.cn,Genderqueer,138.134.142.62
Lexis,Hilldrup,lhilldrupm1@senate.gov,Male,118.151.210.68
Cordy,Carrane,ccarranem2@devhub.com,Polygender,13.227.149.208
Danya,Sizland,dsizlandm3@linkedin.com,Genderfluid,190.46.7.42
Tresa,Kiffin,tkiffinm4@independent.co.uk,Bigender,187.184.135.48
Reta,Merryweather,rmerryweatherm5@uiuc.edu,Male,78.124.96.214
Wendie,Obray,wobraym6@sina.com.cn,Polygender,111.31.158.1
Ursola,Mattedi,umattedim7@army.mil,Female,176.3.199.254
Rubetta,Fudge,rfudgem8@meetup.com,Female,58.144.22.72
Erin,Grint,egrintm9@bloglines.com,Male,160.52.28.229
Matty,Rankmore,mrankmorema@nyu.edu,Polygender,201.232.20.79
Muire,Hugland,mhuglandmb@bloglines.com,Agender,152.201.234.229
Newton,Elby,nelbymc@gnu.org,Bigender,203.108.42.15
Cyrill,Ciotto,cciottomd@t-online.de,Polygender,119.219.96.6
Tammara,Pettett,tpettettme@techcrunch.com,Bigender,233.156.150.247
Stu,Braker,sbrakermf@chron.com,Genderqueer,28.149.74.112
Melita,Grabbam,mgrabbammg@dailymotion.com,Bigender,142.9.8.171
Arvy,Canet,acanetmh@scientificamerican.com,Male,95.96.93.131
Carr,Thormwell,cthormwellmi@vinaora.com,Non-binary,185.243.64.146
Broderick,de Grey,bdegreymj@umich.edu,Genderqueer,162.14.85.197
Pauly,Roll,prollmk@seattletimes.com,Female,123.42.121.99
Aurilia,Leatt,aleattml@house.gov,Polygender,111.9.227.167
Sebastian,Hallbird,shallbirdmm@yahoo.co.jp,Bigender,247.243.211.242
Rori,McIlroy,rmcilroymn@slate.com,Female,28.135.78.81
Zsazsa,Stichel,zstichelmo@reference.com,Polygender,231.238.63.71
Kaela,Barnsdale,kbarnsdalemp@clickbank.net,Genderfluid,148.35.100.117
Madel,Coston,mcostonmq@ycombinator.com,Male,117.107.232.192
Christabel,Loosemore,cloosemoremr@cargocollective.com,Polygender,127.253.212.21
Susanna,Danilchev,sdanilchevms@t-online.de,Polygender,36.246.93.127
Pavla,Lindeboom,plindeboommt@google.com.hk,Female,212.169.31.146
Briny,Enoksson,benokssonmu@topsy.com,Genderfluid,123.24.161.88
Diarmid,Mouncher,dmounchermv@istockphoto.com,Agender,182.251.168.16
Marcello,Fortoun,mfortounmw@paginegialle.it,Genderfluid,246.58.67.14
Davidson,VanBrugh,dvanbrughmx@icio.us,Genderqueer,141.249.163.147
Robert,Lafranconi,rlafranconimy@gnu.org,Genderqueer,254.62.28.64
Matty,Larderot,mlarderotmz@acquirethisname.com,Agender,5.78.62.76
Rosalie,Hooks,rhooksn0@timesonline.co.uk,Non-binary,205.133.252.2
Bronny,Gerrad,bgerradn1@plala.or.jp,Genderqueer,254.247.208.28
Hayes,Dreye,hdreyen2@statcounter.com,Polygender,227.103.117.131
Daphna,Selkirk,dselkirkn3@stanford.edu,Polygender,51.88.219.207
Lotte,Rabbitt,lrabbittn4@pinterest.com,Agender,9.57.37.61
Codee,Sesser,csessern5@shareasale.com,Male,23.82.5.81
Jamaal,Roderigo,jroderigon6@senate.gov,Male,170.73.63.243
Gael,Attenbrough,gattenbroughn7@usatoday.com,Male,90.95.59.226
Reggy,Whitlow,rwhitlown8@ehow.com,Bigender,247.104.37.25
Justinn,Yacobsohn,jyacobsohnn9@nydailynews.com,Polygender,65.126.116.195
Charlot,Fotherby,cfotherbyna@ucsd.edu,Bigender,202.18.88.162
Sherm,Pieracci,spieraccinb@auda.org.au,Genderqueer,74.94.246.149
Jerrie,Hall-Gough,jhallgoughnc@accuweather.com,Genderqueer,220.50.110.227
Angelita,Seabrooke,aseabrookend@hexun.com,Genderfluid,227.228.117.236
Bennie,Smedley,bsmedleyne@google.co.jp,Male,193.165.208.162
Hugues,di Rocca,hdiroccanf@uol.com.br,Male,184.252.70.139
Dicky,Parslow,dparslowng@ask.com,Genderfluid,171.202.22.217
Bertha,Kearney,bkearneynh@blogspot.com,Bigender,144.71.247.162
Fayre,Culverhouse,fculverhouseni@disqus.com,Bigender,127.14.232.50
Albie,Giannini,agiannininj@soundcloud.com,Genderqueer,24.146.229.219
Cecil,Jouhandeau,cjouhandeaunk@facebook.com,Female,161.235.127.140
Thorstein,Bridgeland,tbridgelandnl@oracle.com,Bigender,255.90.208.213
Lucian,Arkin,larkinnm@mozilla.com,Male,206.61.70.18
Jennine,Stedell,jstedellnn@friendfeed.com,Polygender,82.37.149.11
Currie,Agneau,cagneauno@hc360.com,Polygender,31.97.154.2
Sybil,Duffell,sduffellnp@hc360.com,Non-binary,3.36.134.161
Darbee,Smitherman,dsmithermannq@techcrunch.com,Male,16.197.94.78
Matias,Congdon,mcongdonnr@weebly.com,Male,195.246.145.201
Onofredo,Brucker,obruckerns@networkadvertising.org,Agender,113.145.59.131
Saxe,MacFayden,smacfaydennt@theguardian.com,Polygender,233.41.226.58
Gunner,Trangmar,gtrangmarnu@sfgate.com,Female,154.102.0.201
Fiona,Lefever,flefevernv@newsvine.com,Female,194.243.225.27
Jarrett,Gosling,jgoslingnw@elpais.com,Bigender,178.116.5.93
Katusha,Kittless,kkittlessnx@hud.gov,Female,31.217.143.93
Rolf,Elliott,relliottny@simplemachines.org,Male,221.139.16.211
Drusi,Waggitt,dwaggittnz@google.com.br,Genderqueer,71.49.191.159
Sharleen,Haill,shaillo0@sina.com.cn,Polygender,169.39.124.220
Patrizius,McAlpine,pmcalpineo1@hc360.com,Genderqueer,175.127.223.216
Stevie,Hessay,shessayo2@printfriendly.com,Genderfluid,154.16.97.228
Julius,Kinnon,jkinnono3@lycos.com,Polygender,25.244.50.190
Dallon,Batha,dbathao4@theatlantic.com,Bigender,81.84.193.54
Dagny,Phelit,dphelito5@123-reg.co.uk,Bigender,97.227.47.52
Verine,Gooderson,vgoodersono6@wikimedia.org,Agender,177.102.173.250
Lu,Loudon,lloudono7@guardian.co.uk,Polygender,191.232.109.228
Ezri,McKnockiter,emcknockitero8@wired.com,Genderfluid,252.128.34.62
Mack,Pibworth,mpibwortho9@eepurl.com,Non-binary,51.247.219.135
Ellary,Shevill,eshevilloa@dailymail.co.uk,Male,213.128.191.112
Adara,Ruffy,aruffyob@xing.com,Genderfluid,119.73.26.209
Tobi,MacKnight,tmacknightoc@vk.com,Genderfluid,193.70.57.35
Fara,Woolham,fwoolhamod@reverbnation.com,Genderfluid,189.4.104.43
Alanna,Dow,adowoe@g.co,Genderfluid,250.65.245.169
Jeanne,Saur,jsaurof@123-reg.co.uk,Genderqueer,219.85.216.38
Aubree,Rudgard,arudgardog@merriam-webster.com,Non-binary,14.53.225.1
Antonius,Udale,audaleoh@devhub.com,Genderqueer,68.165.133.196
Chariot,Sango,csangooi@ameblo.jp,Genderqueer,151.156.125.218
Lynde,Hutcheon,lhutcheonoj@dailymotion.com,Agender,209.234.150.162
Jemmy,Slides,jslidesok@europa.eu,Genderfluid,115.175.90.129
Reina,Semonin,rsemoninol@vistaprint.com,Agender,216.172.32.9
Sonia,Wharby,swharbyom@cdc.gov,Non-binary,109.18.29.137
Felix,Richley,frichleyon@nsw.gov.au,Polygender,34.3.219.212
Leone,Bramsen,lbramsenoo@histats.com,Male,35.53.176.172
Gerladina,Teas,gteasop@t.co,Agender,61.201.47.54
Simon,Rustich,srustichoq@mediafire.com,Polygender,133.239.239.252
Marlin,Bunclark,mbunclarkor@home.pl,Polygender,224.110.30.30
Abrahan,Collisson,acollissonos@cyberchimps.com,Non-binary,31.132.108.241
Pen,Peakman,ppeakmanot@tripod.com,Genderfluid,208.232.49.95
Nikoletta,Saggs,nsaggsou@netlog.com,Genderfluid,241.47.186.28
Berni,Bleacher,bbleacherov@theguardian.com,Female,222.220.165.156
Pru,Mercy,pmercyow@amazonaws.com,Genderqueer,165.20.74.74
Justin,Lomond,jlomondox@arstechnica.com,Male,84.22.179.0
Gallard,Everitt,geverittoy@weebly.com,Agender,14.205.212.109
Svend,Durrans,sdurransoz@discovery.com,Agender,239.148.49.219
Viki,Merchant,vmerchantp0@scribd.com,Agender,68.190.138.37
Trescha,Quennell,tquennellp1@macromedia.com,Female,172.206.65.17
Karl,Sweetenham,ksweetenhamp2@nifty.com,Genderqueer,222.199.83.127
Kelila,Janda,kjandap3@printfriendly.com,Agender,62.0.103.1
Ancell,Ivanonko,aivanonkop4@taobao.com,Polygender,190.125.219.4
Kyle,Boscher,kboscherp5@narod.ru,Female,117.195.87.33
Leda,Arnoll,larnollp6@accuweather.com,Female,76.4.186.24
Jsandye,Houndsom,jhoundsomp7@feedburner.com,Genderfluid,11.18.1.127
Willie,Torrance,wtorrancep8@loc.gov,Genderfluid,6.195.251.179
Doti,Yankin,dyankinp9@kickstarter.com,Polygender,246.236.142.111
Brandy,Locarno,blocarnopa@dagondesign.com,Male,168.85.22.251
Tandie,Bark,tbarkpb@google.de,Genderfluid,178.86.86.99
Conn,Hacaud,chacaudpc@webnode.com,Agender,134.2.35.218
Hermie,Gallego,hgallegopd@unesco.org,Bigender,152.117.33.83
Federico,Grigore,fgrigorepe@livejournal.com,Genderqueer,10.47.2.140
Lucienne,Nesbeth,lnesbethpf@moonfruit.com,Bigender,221.5.8.243
Lyndsey,Fleis,lfleispg@google.nl,Agender,66.235.15.227
Allx,Smallwood,asmallwoodph@sphinn.com,Genderqueer,9.196.230.192
Caitrin,Vatcher,cvatcherpi@dell.com,Male,102.184.178.238
Jess,Kynton,jkyntonpj@fda.gov,Genderfluid,67.22.3.134
Kimmi,Fearn,kfearnpk@miitbeian.gov.cn,Genderqueer,226.182.55.197
Wallie,Smalles,wsmallespl@cargocollective.com,Genderfluid,34.77.164.96
Lilah,Oels,loelspm@comcast.net,Male,99.221.115.250
Clark,Saunt,csauntpn@miibeian.gov.cn,Agender,80.33.245.129
Angela,Lambot,alambotpo@blogs.com,Bigender,236.11.6.107
Layla,Hearne,lhearnepp@comcast.net,Polygender,245.70.12.229
Jerrie,Easey,jeaseypq@dyndns.org,Bigender,227.183.19.223
Babara,Lude,bludepr@slashdot.org,Bigender,65.128.126.223
Gunner,Inde,gindeps@edublogs.org,Female,101.135.128.244
Ragnar,Checkley,rcheckleypt@google.com.br,Non-binary,73.80.114.18
Salvador,Warke,swarkepu@home.pl,Bigender,159.155.126.96
Orbadiah,Spratt,osprattpv@surveymonkey.com,Bigender,152.127.42.10
Avivah,Lukes,alukespw@mlb.com,Genderqueer,19.17.104.143
Erwin,Abbison,eabbisonpx@harvard.edu,Polygender,59.32.196.214
Carlee,Broomhead,cbroomheadpy@tuttocitta.it,Genderfluid,214.25.206.114
Chase,De Anesy,cdeanesypz@artisteer.com,Polygender,1.248.72.30
Derry,Statter,dstatterq0@meetup.com,Female,132.185.176.109
Rivy,Mahoney,rmahoneyq1@sogou.com,Non-binary,188.118.137.52
Bettye,Shucksmith,bshucksmithq2@sakura.ne.jp,Genderqueer,15.56.240.141
Sigismund,Giorgiutti,sgiorgiuttiq3@psu.edu,Female,89.250.8.46
Alfonse,Lombard,alombardq4@sogou.com,Genderqueer,79.13.66.172
Angelique,Nockells,anockellsq5@nps.gov,Male,115.190.244.243
Any,Colquit,acolquitq6@google.co.jp,Polygender,69.101.28.184
Gunar,Diffley,gdiffleyq7@ucoz.ru,Genderfluid,208.163.197.122
Dick,Mallard,dmallardq8@dyndns.org,Female,245.50.7.178
Kinsley,Bromige,kbromigeq9@geocities.com,Non-binary,111.220.39.136
Leelah,Peter,lpeterqa@nytimes.com,Polygender,48.27.102.143
Anson,Jahnig,ajahnigqb@t.co,Genderqueer,87.21.81.68
Mattias,Fleeming,mfleemingqc@tripod.com,Male,62.133.207.179
Edmund,Dyball,edyballqd@networksolutions.com,Male,69.63.3.176
Nessi,Gutierrez,ngutierrezqe@mayoclinic.com,Male,123.234.104.3
Lefty,Screaton,lscreatonqf@usnews.com,Polygender,42.33.187.167
Harriett,Gipp,hgippqg@forbes.com,Polygender,217.157.128.84
Hollyanne,McGarel,hmcgarelqh@cam.ac.uk,Female,36.125.14.237
Lucais,Bampkin,lbampkinqi@people.com.cn,Genderfluid,218.9.29.217
Kimbra,Laborde,klabordeqj@yahoo.com,Genderqueer,44.139.185.32
Richart,Radmer,rradmerqk@slate.com,Genderfluid,199.195.120.135
Storm,Henrych,shenrychql@cbc.ca,Male,142.83.46.69
Koo,Snepp,ksneppqm@utexas.edu,Female,24.152.66.83
Hugibert,Warrillow,hwarrillowqn@soup.io,Genderqueer,196.42.60.47
Yasmeen,Newvill,ynewvillqo@msn.com,Bigender,40.147.52.80
Lyndsey,Eliaz,leliazqp@abc.net.au,Bigender,134.112.43.115
Lettie,Scanlan,lscanlanqq@irs.gov,Polygender,213.251.79.106
Sela,Barlace,sbarlaceqr@nature.com,Polygender,238.161.104.71
Nikola,Pelcheur,npelcheurqs@oaic.gov.au,Non-binary,23.162.65.214
Brose,Duell,bduellqt@apple.com,Genderfluid,4.114.103.111
Shep,Jopson,sjopsonqu@ask.com,Bigender,200.52.72.83
Gabriel,Amerighi,gamerighiqv@bbc.co.uk,Genderqueer,1.206.9.41
Hobie,Featenby,hfeatenbyqw@networkadvertising.org,Non-binary,255.203.9.241
Tallou,Kochs,tkochsqx@toplist.cz,Male,196.79.53.225
Harp,Bome,hbomeqy@reference.com,Genderqueer,254.123.217.196
Marijn,Baumler,mbaumlerqz@google.fr,Genderqueer,224.171.170.191
Trumaine,Metrick,tmetrickr0@psu.edu,Bigender,152.139.130.36
Judye,Demogeot,jdemogeotr1@cmu.edu,Polygender,56.199.62.193
Merrielle,Paddingdon,mpaddingdonr2@mashable.com,Genderqueer,98.61.242.44
Charley,Peakman,cpeakmanr3@booking.com,Bigender,255.124.33.54
Michale,Nulty,mnultyr4@cnn.com,Genderfluid,69.217.45.192
Lenka,Smylie,lsmylier5@paypal.com,Male,190.23.187.100
Josie,Tarling,jtarlingr6@unblog.fr,Bigender,235.32.56.166
Mollie,Glynn,mglynnr7@bluehost.com,Female,103.170.201.99
Gawen,Lawty,glawtyr8@fastcompany.com,Polygender,161.91.210.64
Brunhilda,Schenfisch,bschenfischr9@people.com.cn,Genderqueer,231.82.215.152
Lancelot,Brandreth,lbrandrethra@bing.com,Non-binary,240.101.254.24
Odilia,Bawles,obawlesrb@about.me,Genderqueer,9.119.251.73
Hyacinthie,Boog,hboogrc@businesswire.com,Non-binary,213.28.228.123
Timothee,Dudeney,tdudeneyrd@springer.com,Genderqueer,63.176.243.142
Melly,Onraet,monraetre@foxnews.com,Genderqueer,150.39.170.4
Luther,Borleace,lborleacerf@behance.net,Bigender,213.238.153.156
Delbert,Dalinder,ddalinderrg@bigcartel.com,Bigender,234.31.51.98
Wyndham,Buxton,wbuxtonrh@gizmodo.com,Bigender,239.239.217.163
Aida,Sandcroft,asandcroftri@stumbleupon.com,Female,253.160.151.106
Suzanna,Crawley,scrawleyrj@liveinternet.ru,Polygender,22.91.248.151
Deny,Sandal,dsandalrk@google.pl,Male,121.0.214.17
Fallon,Pail,fpailrl@gov.uk,Female,186.4.76.33
Marguerite,Hartless,mhartlessrm@answers.com,Agender,9.91.247.253
Phil,Soots,psootsrn@wp.com,Agender,60.39.183.236
Nathanial,Cowpertwait,ncowpertwaitro@ustream.tv,Agender,23.140.161.79
Minna,Lillecrap,mlillecraprp@list-manage.com,Bigender,239.243.212.107
Geraldine,Petticrew,gpetticrewrq@loc.gov,Female,37.3.106.91
Alaric,Gabbitis,agabbitisrr@archive.org,Polygender,230.34.101.140
